Workbook

Sheet 1024
A1: Repeticion | B1: PilaPrinceton | C1: PilaDeCola | D1: ColaPrinceton | E1: ColaDePilas | H1: PilaPrinceton | I1: PilaDeCola | J1: ColaPrinceton | K1: ColaDePilas
A2: 1 | B2: 0.03125 | C2: 0.015625 | D2: 0 | E2: 0 | G2: Mínimo | H2: =MIN(B2:B101) -> 0 | I2: =MIN(C2:C101) -> 0 | J2: =MIN(D2:D101) -> 0 | K2: =MIN(E2:E101) -> 0
A3: 2 | B3: 0 | C3: 0 | D3: 0 | E3: 0 | G3: Máximo | H3: =MAX(B2:B101) -> 0.03125 | I3: =MAX(C2:C101) -> 0.015625 | J3: =MAX(D2:D101) -> 0.015625 | K3: =MAX(E2:E101) -> 0.015625
A4: 3 | B4: 0 | C4: 0.015625 | D4: 0 | E4: 0 | G4: Promedio | H4: =AVERAGE(B2:B101) -> 0.0009375 | I4: =AVERAGE(C2:C101) -> 0.0046875 | J4: =AVERAGE(D2:D101) -> 0.000625 | K4: =AVERAGE(E2:E101) -> 0.00015625
A5: 4 | B5: 0 | C5: 0.015625 | D5: 0 | E5: 0 | G5: Desv. Estandar | H5: =_xlfn.STDEV.S(B2:B101) -> 0.0043405934 | I5: =_xlfn.STDEV.S(C2:C101) -> 0.0071963467 | J5: =_xlfn.STDEV.S(D2:D101) -> 0.0030772873 | K5: =_xlfn.STDEV.S(E2:E101) -> 0.0015625
A6: 5 | B6: 0 | C6: 0 | D6: 0 | E6: 0 | G6: Coef. Variación | H6: =H5/H4 -> 4.6299663 | I6: =I5/I4 -> 1.5352206 | J6: =J5/J4 -> 4.9236596 | K6: =K5/K4 -> 10
A7: 6 | B7: 0 | C7: 0.015625 | D7: 0 | E7: 0
A8: 7 | B8: 0 | C8: 0 | D8: 0 | E8: 0
A9: 8 | B9: 0 | C9: 0.015625 | D9: 0 | E9: 0
A10: 9 | B10: 0 | C10: 0.015625 | D10: 0 | E10: 0
A11: 10 | B11: 0 | C11: 0 | D11: 0 | E11: 0
A12: 11 | B12: 0 | C12: 0 | D12: 0.015625 | E12: 0
A13: 12 | B13: 0 | C13: 0 | D13: 0 | E13: 0
A14: 13 | B14: 0 | C14: 0 | D14: 0 | E14: 0
A15: 14 | B15: 0.015625 | C15: 0 | D15: 0 | E15: 0
A16: 15 | B16: 0 | C16: 0 | D16: 0 | E16: 0
A17: 16 | B17: 0 | C17: 0.015625 | D17: 0 | E17: 0
A18: 17 | B18: 0 | C18: 0 | D18: 0 | E18: 0
... A101: 100 | B101: 0 | C101: 0 | D101: 0 | E101: 0

Sheet 2048
A1: Repeticion | B1: PilaPrinceton | C1: PilaDeCola | D1: ColaPrinceton | E1: ColaDePilas | H1: PilaPrinceton | I1: PilaDeCola | J1: ColaPrinceton | K1: ColaDePilas
A2: 1 | B2: 0 | C2: 0.015625 | D2: 0 | E2: 0 | G2: Mínimo | H2: =MIN(B2:B101) -> 0 | I2: =MIN(C2:C101) -> 0 | J2: =MIN(D2:D101) -> 0 | K2: =MIN(E2:E101) -> 0
A3: 2 | B3: 0 | C3: 0.015625 | D3: 0 | E3: 0 | G3: Máximo | H3: =MAX(B2:B101) -> 0.015625 | I3: =MAX(C2:C101) -> 0.03125 | J3: =MAX(D2:D101) -> 0 | K3: =MAX(E2:E101) -> 0.015625
A4: 3 | B4: 0.015625 | C4: 0 | D4: 0 | E4: 0.015625 | G4: Promedio | H4: =AVERAGE(B2:B101) -> 0.00046875 | I4: =AVERAGE(C2:C101) -> 0.011875 | J4: =AVERAGE(D2:D101) -> 0 | K4: =AVERAGE(E2:E101) -> 0.00015625
A5: 4 | B5: 0 | C5: 0.015625 | D5: 0 | E5: 0 | G5: Desv. Estandar | H5: =_xlfn.STDEV.S(B2:B101) -> 0.0026788532 | I5: =_xlfn.STDEV.S(C2:C101) -> 0.0070649271 | J5: =_xlfn.STDEV.S(D2:D101) -> 0 | K5: =_xlfn.STDEV.S(E2:E101) -> 0.0015625
A6: 5 | B6: 0 | C6: 0.015625 | D6: 0 | E6: 0 | G6: Coef. Variación | H6: =H5/H4 -> 5.7148869 | I6: =I5/I4 -> 0.59494123 | J6: =IFERROR(J5/J4, 0) -> 0 | K6: =K5/K4 -> 10
A7: 6 | B7: 0 | C7: 0.015625 | D7: 0 | E7: 0
A8: 7 | B8: 0 | C8: 0.03125 | D8: 0 | E8: 0
A9: 8 | B9: 0 | C9: 0.015625 | D9: 0 | E9: 0
A10: 9 | B10: 0 | C10: 0.015625 | D10: 0 | E10: 0
A11: 10 | B11: 0 | C11: 0.015625 | D11: 0 | E11: 0
A12: 11 | B12: 0 | C12: 0.015625 | D12: 0 | E12: 0
A13: 12 | B13: 0 | C13: 0.015625 | D13: 0 | E13: 0
A14: 13 | B14: 0 | C14: 0.015625 | D14: 0 | E14: 0
A15: 14 | B15: 0 | C15: 0.015625 | D15: 0 | E15: 0
A16: 15 | B16: 0 | C16: 0.015625 | D16: 0 | E16: 0
A17: 16 | B17: 0 | C17: 0.015625 | D17: 0 | E17: 0
A18: 17 | B18: 0 | C18: 0 | D18: 0 | E18: 0
... A101: 100 | B101: 0 | C101: 0.015625 | D101: 0 | E101: 0

Sheet 4096
A1: Repeticion | B1: PilaPrinceton | C1: PilaDeCola | D1: ColaPrinceton | E1: ColaDePilas | H1: PilaPrinceton | I1: PilaDeCola | J1: ColaPrinceton | K1: ColaDePilas
A2: 1 | B2: 0 | C2: 0.0625 | D2: 0 | E2: 0 | G2: Mínimo | H2: =MIN(B2:B101) -> 0 | I2: =MIN(C2:C101) -> 0.03125 | J2: =MIN(D2:D101) -> 0 | K2: =MIN(E2:E101) -> 0
A3: 2 | B3: 0 | C3: 0.046875 | D3: 0 | E3: 0 | G3: Máximo | H3: =MAX(B2:B101) -> 0.015625 | I3: =MAX(C2:C101) -> 0.0625 | J3: =MAX(D2:D101) -> 0 | K3: =MAX(E2:E101) -> 0.015625
A4: 3 | B4: 0 | C4: 0.03125 | D4: 0 | E4: 0 | G4: Promedio | H4: =AVERAGE(B2:B101) -> 0.000625 | I4: =AVERAGE(C2:C101) -> 0.04453125 | J4: =AVERAGE(D2:D101) -> 0 | K4: =AVERAGE(E2:E101) -> 0.00046875
A5: 4 | B5: 0 | C5: 0.046875 | D5: 0 | E5: 0 | G5: Desv. Estandar | H5: =_xlfn.STDEV.S(B2:B101) -> 0.0030772873 | I5: =_xlfn.STDEV.S(C2:C101) -> 0.0087081317 | J5: =_xlfn.STDEV.S(D2:D101) -> 0 | K5: =_xlfn.STDEV.S(E2:E101) -> 0.0026788532
A6: 5 | B6: 0 | C6: 0.03125 | D6: 0 | E6: 0 | G6: Coef. Variación | H6: =H5/H4 -> 4.9236596 | I6: =I5/I4 -> 0.19555103 | J6: {=IFERROR(J7H5/H4, 0)} -> 0 | K6: =K5/K4 -> 5.7148869
A7: 6 | B7: 0 | C7: 0.046875 | D7: 0 | E7: 0
A8: 7 | B8: 0 | C8: 0.046875 | D8: 0 | E8: 0
A9: 8 | B9: 0 | C9: 0.046875 | D9: 0 | E9: 0
A10: 9 | B10: 0 | C10: 0.046875 | D10: 0 | E10: 0
A11: 10 | B11: 0 | C11: 0.046875 | D11: 0 | E11: 0
A12: 11 | B12: 0 | C12: 0.046875 | D12: 0 | E12: 0
A13: 12 | B13: 0 | C13: 0.046875 | D13: 0 | E13: 0
A14: 13 | B14: 0 | C14: 0.046875 | D14: 0 | E14: 0
A15: 14 | B15: 0 | C15: 0.046875 | D15: 0 | E15: 0
A16: 15 | B16: 0.015625 | C16: 0.03125 | D16: 0 | E16: 0.015625
A17: 16 | B17: 0 | C17: 0.03125 | D17: 0 | E17: 0
A18: 17 | B18: 0 | C18: 0.046875 | D18: 0 | E18: 0
... A101: 100 | B101: 0 | C101: 0.03125 | D101: 0 | E101: 0

Sheet 8192
A1: Repeticion | B1: PilaPrinceton | C1: PilaDeCola | D1: ColaPrinceton | E1: ColaDePilas | H1: PilaPrinceton | I1: PilaDeCola | J1: ColaPrinceton | K1: ColaDePilas
A2: 1 | B2: 0 | C2: 0.1875 | D2: 0 | E2: 0 | G2: Mínimo | H2: =MIN(B2:B101) -> 0 | I2: =MIN(C2:C101) -> 0.125 | J2: =MIN(D2:D101) -> 0 | K2: =MIN(E2:E101) -> 0
A3: 2 | B3: 0 | C3: 0.1875 | D3: 0 | E3: 0 | G3: Máximo | H3: =MAX(B2:B101) -> 0.015625 | I3: =MAX(C2:C101) -> 0.203125 | J3: =MAX(D2:D101) -> 0.015625 | K3: =MAX(E2:E101) -> 0.015625
A4: 3 | B4: 0 | C4: 0.171875 | D4: 0 | E4: 0 | G4: Promedio | H4: =AVERAGE(B2:B101) -> 0.0009375 | I4: =AVERAGE(C2:C101) -> 0.165 | J4: =AVERAGE(D2:D101) -> 0.00015625 | K4: =AVERAGE(E2:E101) -> 0.00046875
A5: 4 | B5: 0 | C5: 0.171875 | D5: 0 | E5: 0 | G5: Desv. Estandar | H5: =_xlfn.STDEV.S(B2:B101) -> 0.0037294259 | I5: =_xlfn.STDEV.S(C2:C101) -> 0.012228749 | J5: =_xlfn.STDEV.S(D2:D101) -> 0.0015625 | K5: =_xlfn.STDEV.S(E2:E101) -> 0.0026788532
A6: 5 | B6: 0 | C6: 0.171875 | D6: 0 | E6: 0 | G6: Coef. Variación | H6: =H5/H4 -> 3.9780543 | I6: =I5/I4 -> 0.074113629 | J6: {=IFERROR(J7H5/H4, 0)} -> 0 | K6: =K5/K4 -> 5.7148869
A7: 6 | B7: 0 | C7: 0.171875 | D7: 0 | E7: 0
A8: 7 | B8: 0 | C8: 0.15625 | D8: 0 | E8: 0
A9: 8 | B9: 0 | C9: 0.171875 | D9: 0 | E9: 0
A10: 9 | B10: 0 | C10: 0.171875 | D10: 0 | E10: 0
A11: 10 | B11: 0 | C11: 0.125 | D11: 0 | E11: 0
A12: 11 | B12: 0 | C12: 0.171875 | D12: 0 | E12: 0
A13: 12 | B13: 0 | C13: 0.15625 | D13: 0 | E13: 0
A14: 13 | B14: 0 | C14: 0.171875 | D14: 0 | E14: 0
A15: 14 | B15: 0 | C15: 0.171875 | D15: 0 | E15: 0
A16: 15 | B16: 0 | C16: 0.171875 | D16: 0 | E16: 0
A17: 16 | B17: 0 | C17: 0.15625 | D17: 0 | E17: 0
A18: 17 | B18: 0 | C18: 0.1875 | D18: 0 | E18: 0
... A101: 100 | B101: 0 | C101: 0.15625 | D101: 0 | E101: 0

Sheet 16384
A1: Repeticion | B1: PilaPrinceton | C1: PilaDeCola | D1: ColaPrinceton | E1: ColaDePilas | H1: PilaPrinceton | I1: PilaDeCola | J1: ColaPrinceton | K1: ColaDePilas
A2: 1 | B2: 0 | C2: 0.671875 | D2: 0 | E2: 0 | G2: Mínimo | H2: =MIN(B2:B101) -> 0 | I2: =MIN(C2:C101) -> 0.609375 | J2: =MIN(D2:D101) -> 0 | K2: =MIN(E2:E101) -> 0
A3: 2 | B3: 0 | C3: 0.65625 | D3: 0 | E3: 0 | G3: Máximo | H3: =MAX(B2:B101) -> 0.015625 | I3: =MAX(C2:C101) -> 0.703125 | J3: =MAX(D2:D101) -> 0.015625 | K3: =MAX(E2:E101) -> 0.015625
A4: 3 | B4: 0 | C4: 0.640625 | D4: 0 | E4: 0 | G4: Promedio | H4: =AVERAGE(B2:B101) -> 0.0025 | I4: =AVERAGE(C2:C101) -> 0.6496875 | J4: =AVERAGE(D2:D101) -> 0.0003125 | K4: =AVERAGE(E2:E101) -> 0.0003125
A5: 4 | B5: 0 | C5: 0.625 | D5: 0 | E5: 0 | G5: Desv. Estandar | H5: =_xlfn.STDEV.S(B2:B101) -> 0.0057570773 | I5: =_xlfn.STDEV.S(C2:C101) -> 0.021666576 | J5: =_xlfn.STDEV.S(D2:D101) -> 0.0021985202 | K5: =_xlfn.STDEV.S(E2:E101) -> 0.0021985202
A6: 5 | B6: 0 | C6: 0.703125 | D6: 0 | E6: 0 | G6: Coef. Variación | H6: =H5/H4 -> 2.3028309 | I6: =I5/I4 -> 0.033349227 | J6: {=IFERROR(J7H5/H4, 0)} -> 0 | K6: =K5/K4 -> 7.0352647
A7: 6 | B7: 0 | C7: 0.640625 | D7: 0 | E7: 0
A8: 7 | B8: 0 | C8: 0.671875 | D8: 0 | E8: 0
A9: 8 | B9: 0 | C9: 0.640625 | D9: 0 | E9: 0
A10: 9 | B10: 0 | C10: 0.65625 | D10: 0 | E10: 0
A11: 10 | B11: 0 | C11: 0.65625 | D11: 0 | E11: 0
A12: 11 | B12: 0 | C12: 0.65625 | D12: 0 | E12: 0
A13: 12 | B13: 0 | C13: 0.671875 | D13: 0 | E13: 0
A14: 13 | B14: 0 | C14: 0.609375 | D14: 0 | E14: 0
A15: 14 | B15: 0 | C15: 0.65625 | D15: 0 | E15: 0
A16: 15 | B16: 0 | C16: 0.65625 | D16: 0 | E16: 0
A17: 16 | B17: 0 | C17: 0.65625 | D17: 0.015625 | E17: 0
A18: 17 | B18: 0 | C18: 0.640625 | D18: 0 | E18: 0.015625
... A101: 100 | B101: 0 | C101: 0.625 | D101: 0 | E101: 0

Sheet 32768
A1: Repeticion | B1: PilaPrinceton | C1: PilaDeCola | D1: ColaPrinceton | E1: ColaDePilas | H1: PilaPrinceton | I1: PilaDeCola | J1: ColaPrinceton | K1: ColaDePilas
A2: 1 | B2: 0 | C2: 2.875 | D2: 0 | E2: 0 | G2: Mínimo | H2: =MIN(B2:B101) -> 0 | I2: =MIN(C2:C101) -> 2.578125 | J2: =MIN(D2:D101) -> 0 | K2: =MIN(E2:E101) -> 0
A3: 2 | B3: 0 | C3: 2.671875 | D3: 0 | E3: 0 | G3: Máximo | H3: =MAX(B2:B101) -> 0.015625 | I3: =MAX(C2:C101) -> 3.375 | J3: =MAX(D2:D101) -> 0.015625 | K3: =MAX(E2:E101) -> 0.015625
A4: 3 | B4: 0.015625 | C4: 2.703125 | D4: 0 | E4: 0 | G4: Promedio | H4: =AVERAGE(B2:B101) -> 0.00671875 | I4: =AVERAGE(C2:C101) -> 2.71625 | J4: =AVERAGE(D2:D101) -> 0.0003125 | K4: =AVERAGE(E2:E101) -> 0.0003125
A5: 4 | B5: 0 | C5: 2.625 | D5: 0 | E5: 0 | G5: Desv. Estandar | H5: =_xlfn.STDEV.S(B2:B101) -> 0.0077745289 | I5: =_xlfn.STDEV.S(C2:C101) -> 0.11170012 | J5: =_xlfn.STDEV.S(D2:D101) -> 0.0021985202 | K5: =_xlfn.STDEV.S(E2:E101) -> 0.0021985202
A6: 5 | B6: 0 | C6: 2.765625 | D6: 0 | E6: 0 | G6: Coef. Variación | H6: =H5/H4 -> 1.1571392 | I6: =I5/I4 -> 0.041122917 | J6: {=IFERROR(J7H5/H4, 0)} -> 0 | K6: =K5/K4 -> 7.0352647
A7: 6 | B7: 0.015625 | C7: 2.65625 | D7: 0 | E7: 0
A8: 7 | B8: 0 | C8: 2.71875 | D8: 0 | E8: 0
A9: 8 | B9: 0 | C9: 2.6875 | D9: 0 | E9: 0
A10: 9 | B10: 0 | C10: 2.703125 | D10: 0 | E10: 0
A11: 10 | B11: 0.015625 | C11: 2.6875 | D11: 0 | E11: 0
A12: 11 | B12: 0 | C12: 2.703125 | D12: 0 | E12: 0
A13: 12 | B13: 0 | C13: 2.703125 | D13: 0 | E13: 0
A14: 13 | B14: 0 | C14: 2.703125 | D14: 0 | E14: 0
A15: 14 | B15: 0 | C15: 2.6875 | D15: 0 | E15: 0
A16: 15 | B16: 0.015625 | C16: 2.59375 | D16: 0 | E16: 0
A17: 16 | B17: 0.015625 | C17: 2.65625 | D17: 0 | E17: 0
A18: 17 | B18: 0 | C18: 2.765625 | D18: 0 | E18: 0
... A101: 100 | B101: 0 | C101: 2.65625 | D101: 0 | E101: 0

Sheet Resumen
A1: Tamaño N | B1: PilaPrinceton | C1: PilaDeCola | D1: ColaPrinceton | E1: ColaDePilas | F1: Ratio PilaDeCola | G1: Log2 Ratio
A2: 1024 | B2: ='1024'!H4 -> 0.0009375 | C2: ='1024'!I4 -> 0.0046875 | D2: ='1024'!J4 -> 0.000625 | E2: ='1024'!K4 -> 0.00015625
A3: 2048 | B3: ='2048'!H4 -> 0.00046875 | C3: ='2048'!I4 -> 0.011875 | D3: 0.0001 | E3: ='2048'!K4 -> 0.00015625 | F3: =C3/C2 -> 2.5333333 | G3: =LOG(F3, 2) -> 1.3410369
A4: 4096 | B4: ='4096'!H4 -> 0.000625 | C4: ='4096'!I4 -> 0.04453125 | D4: 0.0001 | E4: ='4096'!K4 -> 0.00046875 | F4: =C4/C3 -> 3.75 | G4: =LOG(F4, 2) -> 1.9068906
A5: 8192 | B5: ='8192'!H4 -> 0.0009375 | C5: ='8192'!I4 -> 0.165 | D5: ='8192'!J4 -> 0.00015625 | E5: ='8192'!K4 -> 0.00046875 | F5: =C5/C4 -> 3.7052632 | G5: =LOG(F5, 2) -> 1.889576
A6: 16384 | B6: ='16384'!H4 -> 0.0025 | C6: ='16384'!I4 -> 0.6496875 | D6: ='16384'!J4 -> 0.0003125 | E6: ='16384'!K4 -> 0.0003125 | F6: =C6/C5 -> 3.9375 | G6: =LOG(F6, 2) -> 1.9772799
A7: 32768 | B7: ='32768'!H4 -> 0.00671875 | C7: ='32768'!I4 -> 2.71625 | D7: ='32768'!J4 -> 0.0003125 | E7: ='32768'!K4 -> 0.0003125 | F7: =C7/C6 -> 4.1808562 | G7: =LOG(F7, 2) -> 2.0637984
